"DID #","Survey","First Generation Status","Gender","Transfer Student","Upper v Lower","Race/Ethnicity","Class Level","J_total","T_total","Major","STEM"
1,"Pre","Yes","Man","No","L","Asian","Sophomore",87,47,"Nursing","Non-STEM"
2,"Pre","Yes","Man","Yes","L","Hispanic/Latino","Senior",71,42,"Public Health","Non-STEM"
3,"Pre","No","Woman","Yes","U","Asian","Junior",80,50,"Biological Sciences","STEM"
4,"Pre","No","Woman","Yes","U","Hispanic/Latino","Senior",86,49,"Biological Sciences","STEM"
5,"Pre","Yes","Man","Yes","L","Hispanic/Latino","Senior",86,55,"Biological Sciences","STEM"
6,"Pre","No","Woman","Yes","U","Asian","Senior",82,43,"Biological Sciences","STEM"
7,"Pre","Yes","Woman","No","L","Hispanic/Latino","Sophomore",87,48,"Nursing","Non-STEM"
8,"Pre","No","Woman","No","L","Asian","Freshmen",72,52,"Nursing","Non-STEM"
9,"Pre","No","Woman","No","L","Asian","Sophomore",71,40,"Nursing","Non-STEM"
10,"Pre","Yes","Woman","No","L","Hispanic/Latino","Junior",59,39,"Health Sciences","Non-STEM"
11,"Pre","No","Woman","Yes","U","Hispanic/Latino","Senior",80,50,"Biological Sciences","STEM"
12,"Pre","No","Woman","Yes","U","Pacific Islander","Senior",67,42,"Biological Sciences","STEM"
13,"Pre","No","Woman","Yes","U","Hispanic/Latino","Senior",68,45,"Biological Sciences","STEM"
14,"Pre","No","Woman","Yes","U","Asian","Junior",86,55,"Nutrition","Non-STEM"
15,"Pre","No","Woman","No","L","Two or More","Senior",83,48,"Biological Sciences","STEM"
16,"Pre","No","Woman","No","L","Hispanic/Latino","Junior",81,50,"Nursing","Non-STEM"
17,"Pre","No","Man","No","U","Asian","Senior",59,32,"Biological Sciences","STEM"
18,"Pre","No","Woman","No","L","African American","Sophomore",80,55,"Nursing","Non-STEM"
19,"Pre","Yes","Woman","Yes","U","Hispanic/Latino","Senior",78,55,"Biological Sciences","STEM"
20,"Pre","Yes","Woman","Yes","U","Hispanic/Latino","Senior",75,44,"Kinesiology","Non-STEM"
21,"Pre","No","Woman","No","L","Asian","Junior",71,57,"Biological Sciences","STEM"
22,"Pre","Yes","Woman","Yes","L","African American","Senior",91,55,"Health Sciences","Non-STEM"
23,"Pre","No","Woman","Yes","L","White","Senior",73,50,"Undeclared","Non-STEM"
24,"Pre","No","Woman","No","L","White","Senior",75,47,"Nursing","Non-STEM"
25,"Pre","No","Woman","No","L","Asian","Junior",84,43,"Biological Sciences","STEM"
26,"Pre","No","Woman","No","L","Hispanic/Latino","Junior",72,53,"Biological Sciences","STEM"
27,"Pre","Yes","Woman","No","L","Hispanic/Latino","Junior",81,49,"Undeclared","Non-STEM"
28,"Pre","Yes","Woman","No","L","Hispanic/Latino","Sophomore",72,48,"Nursing","Non-STEM"
29,"Pre","No","Woman","No","L","Hispanic/Latino","Sophomore",82,49,"Nursing","Non-STEM"
30,"Pre","No","Woman","No","U","Asian","Senior",68,41,"Health Sciences","Non-STEM"
31,"Pre","No","Woman","No","U","White","Junior",81,52,"Biological Sciences","STEM"
32,"Pre","Yes","Woman","No","U","Asian","Senior",70,49,"Biological Sciences","STEM"
33,"Pre","Yes","Woman","No","L","Hispanic/Latino","Junior",75,52,"Nursing","Non-STEM"
34,"Pre","No","Man","No","U","White","Junior",66,45,"Kinesiology","Non-STEM"
35,"Pre","No","Woman","No","U","Hispanic/Latino","Junior",86,52,"Health Sciences","Non-STEM"
36,"Pre","No","Man","Yes","L",NA,"Senior",67,49,"Biological Sciences","STEM"
37,"Pre","No","Woman","Yes","U","White","Senior",82,45,"Nutrition","Non-STEM"
38,"Pre","No","Woman","No","L","Asian","Junior",80,49,"Nursing","Non-STEM"
39,"Pre","Yes","Woman","No","L","Hispanic/Latino","Sophomore",76,44,"Nursing","Non-STEM"
41,"Pre","No","Woman","No","U","Hispanic/Latino","Senior",71,36,"Health Sciences","Non-STEM"
42,"Pre","No","Woman","Yes","U","White","Senior",87,54,"Biological Sciences","STEM"
44,"Pre","No","Woman","No","L","White","Senior",74,50,"Biological Sciences","STEM"
45,"Pre","No","Woman","Yes","U","Pacific Islander","Senior",72,43,"Nutrition","Non-STEM"
46,"Pre","No","Woman","Yes","L","White","Junior",68,50,"Biological Sciences","STEM"
47,"Pre","Yes","Man","No","L","Asian","Junior",66,33,"Public Health","Non-STEM"
48,"Pre","No","Woman","No","U","Hispanic/Latino","Senior",81,55,"Biological Sciences","STEM"
49,"Pre","Yes","Woman","Yes","L","White","Junior",78,46,"Health Sciences","Non-STEM"
50,"Pre","No","Man","Yes","L","Asian","Junior",67,46,"Kinesiology","Non-STEM"
51,"Pre","No","Man","No","L","Asian","Freshmen",66,41,"Undeclared","Non-STEM"
52,"Pre","Yes","Woman","No","U","Hispanic/Latino","Senior",78,55,"Biological Sciences","STEM"
53,"Pre","No","Woman","No","L","Hispanic/Latino","Sophomore",61,37,"Recreation Therapy","Non-STEM"
54,"Pre","No","Woman","No","L","Two or More","Senior",82,48,"Biological Sciences","STEM"
55,"Pre","No","Woman","No","L","Hispanic/Latino","Sophomore",78,43,"Kinesiology","Non-STEM"
56,"Pre","Yes","Woman","No","U","Asian","Senior",78,47,"Biological Sciences","STEM"
57,"Pre","No","Woman","No","L","Two or More",NA,90,47,"Nutrition","Non-STEM"
58,"Pre","No","Woman","No","L","White","Junior",68,45,"Nursing","Non-STEM"
59,"Pre","No","Woman","No","U","Two or More","Junior",85,53,"Kinesiology","Non-STEM"
60,"Pre","No","Man","No","L","Hispanic/Latino","Junior",63,38,"Kinesiology","Non-STEM"
61,"Pre","Yes","Woman","No","L","Hispanic/Latino","Sophomore",54,46,"Public Health","Non-STEM"
62,"Pre","No","Woman","No","L","White","Sophomore",80,45,"Kinesiology","Non-STEM"
63,"Pre","Yes","Man","No","L","Hispanic/Latino","Senior",79,35,"Nursing","Non-STEM"
64,"Pre","No","Woman","No","L","Asian","Sophomore",75,47,"Nursing","Non-STEM"
65,"Pre","Yes","Woman","No","L","Hispanic/Latino","Sophomore",89,55,"Public Health","Non-STEM"
66,"Pre","No","Woman","No","L","Asian","Junior",72,48,"Health Sciences","Non-STEM"
67,"Pre","No","Man","Yes","U","White","Senior",70,42,"Biological Sciences","STEM"
68,"Pre","No","Woman","No","L","Hispanic/Latino","Junior",66,37,"Public Health","Non-STEM"
69,"Pre","No","Woman","No","L","American Indian","Sophomore",66,49,"Health Sciences","Non-STEM"
70,"Pre","No","Man","No","L",NA,"Sophomore",75,52,"Nursing","Non-STEM"
71,"Pre","No","Woman","Yes","U","White","Senior",76,47,"Biological Sciences","STEM"
72,"Pre","No","Woman","No","U","African American","Senior",83,49,"Biological Sciences","STEM"
73,"Pre","Yes","Woman","No","L","White","Senior",74,46,"Public Health","Non-STEM"
74,"Pre","Yes","Man","Yes","L","Asian","Senior",72,44,"Biological Sciences","STEM"
75,"Pre","Yes","Man","No","U","Hispanic/Latino","Senior",61,35,"Biological Sciences","STEM"
76,"Pre","Yes","Woman","No","L","White","Sophomore",67,40,"Health Sciences","Non-STEM"
77,"Pre","No","Woman","No","U","Asian","Junior",64,45,"Biological Sciences","STEM"
78,"Pre","No","Woman","Yes","U","White","Senior",74,52,"Kinesiology","Non-STEM"
79,"Pre","No","Woman","Yes","U","Asian","Junior",71,51,"Nutrition","Non-STEM"
80,"Pre","No","Man","No","L","Two or More","Sophomore",75,47,"Health Sciences","Non-STEM"
82,"Pre","Yes","Man","No","U","Hispanic/Latino","Senior",81,44,"Biological Sciences","STEM"
83,"Pre","No","Man","No","L","Two or More","Junior",66,43,"Kinesiology","Non-STEM"
84,"Pre","No","Woman","No","U","Asian","Senior",72,49,"Health Sciences","Non-STEM"
85,"Pre","No","Woman","Yes","L","Asian","Senior",83,45,"Biological Sciences","STEM"
86,"Pre","Yes","Man","No","L","Asian","Junior",56,38,"Public Health","Non-STEM"
87,"Pre","Yes","Woman","No","L","Hispanic/Latino","Sophomore",74,46,"Nursing","Non-STEM"
88,"Pre","No","Man","Yes","L","Asian","Senior",69,47,"Health Sciences","Non-STEM"
89,"Pre","No","Woman","No","L","Two or More","Sophomore",80,51,"Nursing","Non-STEM"
90,"Pre","Yes","Man","Yes","L","Hispanic/Latino","Senior",65,48,"Kinesiology","Non-STEM"
91,"Pre","No","Woman","Yes","L","Asian","Senior",62,40,"Biological Sciences","STEM"
92,"Pre","No","Woman","No","L","Asian","Senior",75,50,"Biological Sciences","STEM"
93,"Pre","No","Woman","No","L","Two or More","Sophomore",83,42,"Kinesiology","Non-STEM"
94,"Pre","Yes","Woman","Yes","L","African American","Senior",66,54,"Health Sciences","Non-STEM"
95,"Pre","No","Man","No","L","Asian","Sophomore",54,30,"Public Health","Non-STEM"
96,"Pre","No","Woman","No","L","Two or More","Sophomore",71,44,"Nursing","Non-STEM"
97,"Pre","Yes","Man","No","L","Hispanic/Latino","Sophomore",68,60,"Kinesiology","Non-STEM"
98,"Pre","Yes","Man","Yes","U","Hispanic/Latino","Junior",87,50,"Nutrition","Non-STEM"
99,"Pre","Yes","Man","Yes","U","White","Junior",89,53,"Kinesiology","Non-STEM"
100,"Pre","Yes","Woman","No","L","Hispanic/Latino","Junior",88,50,"Nursing","Non-STEM"
101,"Pre","No","Woman","No","L","Asian","Junior",81,48,"Nursing","Non-STEM"
103,"Pre","No","Man","Yes","U","White","Junior",86,55,"Health Sciences","Non-STEM"
104,"Pre","No","Woman","Yes","U","Two or More","Senior",56,42,"Biological Sciences","STEM"
105,"Pre","No","Woman","No","L","Asian","Sophomore",72,49,"Health Sciences","Non-STEM"
106,"Pre","No","Woman","Yes","U","Two or More","Senior",68,42,"Biological Sciences","STEM"
108,"Pre","No","Woman","No","L","Asian","Senior",87,54,"Biological Sciences","STEM"
109,"Pre","No","Woman","Yes","U","Two or More","Senior",89,54,"Biological Sciences","STEM"
110,"Pre","No","Woman","Yes","L","White","Junior",71,45,"Biological Sciences","STEM"
111,"Pre","No","Man","No","U","Asian","Junior",84,49,"Biological Sciences","STEM"
112,"Pre","Yes","Woman","No","L","Hispanic/Latino","Senior",58,43,"Nursing","Non-STEM"
113,"Pre","Yes","Woman","No","L","Asian","Sophomore",85,51,"Nursing","Non-STEM"
114,"Pre","Yes","Woman","Yes","L","White","Senior",87,56,"Recreation Therapy","Non-STEM"
115,"Pre","No","Man","Yes","U","White","Senior",61,43,"Biological Sciences","STEM"
116,"Pre","No","Woman","No","L","Two or More","Freshmen",64,45,"Nursing","Non-STEM"
117,"Pre","No","Woman","No","L","White","Sophomore",93,56,"Nursing","Non-STEM"
118,"Pre","No","Woman","No","L","Hispanic/Latino","Sophomore",59,47,"Kinesiology","Non-STEM"
119,"Pre","No","Woman","Yes","U","Asian","Junior",80,46,"Nursing","Non-STEM"
120,"Pre","Yes","Woman","No","U","Asian","Senior",76,45,"Biological Sciences","STEM"
121,"Pre","No","Woman","No","L","Hispanic/Latino","Sophomore",78,53,"Nursing","Non-STEM"
122,"Pre","No","Woman","No","L","Asian","Sophomore",72,46,"Nursing","Non-STEM"
123,"Pre","No","Man","Yes","L","Asian","Senior",70,46,"Biological Sciences","STEM"
124,"Pre","No","Woman","Yes","L","White","Senior",83,39,"Biological Sciences","STEM"
127,"Pre","No","Woman","No","L","White","Sophomore",82,49,"Kinesiology","Non-STEM"
128,"Pre","No","Man","No","U","White","Senior",76,52,"Biological Sciences","STEM"
129,"Pre","No","Man","No","L","Asian","Sophomore",79,44,"Kinesiology","Non-STEM"
130,"Pre","No","Woman","No","L","Asian","Sophomore",76,51,"Nursing","Non-STEM"
131,"Pre","No","Woman","No","L","Hispanic/Latino","Sophomore",88,54,"Nursing","Non-STEM"
132,"Pre","No","Woman","No","L","Asian","Junior",77,56,"Nursing","Non-STEM"
133,"Pre","No","Woman","Yes","U","Asian","Junior",71,45,"Biological Sciences","STEM"
134,"Pre","Yes","Woman","No","L","Hispanic/Latino","Junior",95,56,"Public Health","Non-STEM"
135,"Pre","Yes","Woman","No","L","White","Junior",70,49,"Nursing","Non-STEM"
136,"Pre","No","Woman","No","L","Asian","Senior",82,55,"Health Sciences","Non-STEM"
137,"Pre","No","Man","Yes","U","Asian","Senior",59,42,"Biological Sciences","STEM"
138,"Pre","No","Woman","No","L","Hispanic/Latino","Sophomore",86,50,"Kinesiology","Non-STEM"
139,"Pre","Yes","Woman","No","L","Two or More","Freshmen",63,41,"Nursing","Non-STEM"
140,"Pre","No","Man","Yes","U","White","Senior",69,35,"Biological Sciences","STEM"
141,"Pre","Yes","Woman","No","L","Two or More","Junior",92,56,"Nursing","Non-STEM"
142,"Pre","No","Man","Yes","U","Pacific Islander","Senior",80,50,"Biological Sciences","STEM"
143,"Pre","No","Woman","Yes","U","White","Senior",90,56,"Kinesiology","Non-STEM"
145,"Pre","No","Woman","Yes","U","Asian","Senior",86,48,"Health Sciences","Non-STEM"
146,"Pre","No","Man","No","L","White","Sophomore",83,44,"Nursing","Non-STEM"
147,"Pre","No","Woman","Yes","U","African American","Junior",75,53,"Biological Sciences","STEM"
148,"Pre","No","Woman","Yes","U","Asian","Senior",72,40,"Biological Sciences","STEM"
150,"Pre","No","Man","No","U","Two or More","Senior",76,46,"Kinesiology","Non-STEM"
151,"Pre","No","Man","Yes","L","Two or More","Senior",73,42,"Biological Sciences","STEM"
152,"Pre","No","Woman","No","L","Asian","Junior",73,50,"Public Health","Non-STEM"
153,"Pre","No","Woman","No","L","Hispanic/Latino","Junior",83,46,"Health Sciences","Non-STEM"
154,"Pre","No","Woman","No","U","Two or More","Senior",73,46,"Health Sciences","Non-STEM"
155,"Pre","No","Woman","Yes","U","White","Senior",76,54,"Biological Sciences","STEM"
156,"Pre","No","Woman","Yes","U","Asian","Junior",82,48,"Kinesiology","Non-STEM"
157,"Pre","No","Woman","No","L","Asian","Senior",79,49,"Nursing","Non-STEM"
158,"Pre","Yes","Man","No","L","Hispanic/Latino","Sophomore",67,41,"Nursing","Non-STEM"
159,"Pre","Yes","Woman","No","U","Asian","Senior",90,53,"Health Sciences","Non-STEM"
160,"Pre","No","Woman","Yes","U","Hispanic/Latino","Senior",84,53,"Biological Sciences","STEM"
161,"Pre","No","Woman","Yes","U","White","Senior",90,56,"Biological Sciences","STEM"
162,"Pre","No","Woman","No","U","Asian","Senior",72,52,"Biological Sciences","STEM"
163,"Pre","No","Woman","No","U","White","Senior",76,51,"Nursing","Non-STEM"
164,"Pre","Yes","Woman","No","U","Hispanic/Latino","Junior",66,48,"Health Sciences","Non-STEM"
165,"Pre","Yes","Woman","No","L","Pacific Islander","Junior",76,56,"Nursing","Non-STEM"
166,"Pre","Yes","Woman","No","L","Asian","Sophomore",89,60,"Nursing","Non-STEM"
167,"Pre","Yes","Woman","No","L","White","Sophomore",86,54,"Public Health","Non-STEM"
168,"Pre","No","Woman","Yes","U","Asian","Senior",80,47,"Health Sciences","Non-STEM"
169,"Pre","No","Woman","No","L","White","Freshmen",83,55,"Health Sciences","Non-STEM"
170,"Pre","No","Woman","Yes","U","African American","Senior",69,48,"Biological Sciences","STEM"
171,"Pre","No","Man","No","L","White","Sophomore",79,46,"Biological Sciences","STEM"
172,"Pre","No","Man","No","U","Hispanic/Latino","Senior",71,56,"Biological Sciences","STEM"
173,"Pre","No","Woman","No","U","Asian","Senior",86,58,"Biological Sciences","STEM"
174,"Pre","Yes","Woman","Yes","L","Hispanic/Latino","Senior",81,54,"Public Health","Non-STEM"
175,"Pre","Yes","Woman","Yes","U","White","Senior",63,40,"Biological Sciences","STEM"
176,"Pre","No","Woman","Yes","U","Two or More","Senior",59,41,"Biological Sciences","STEM"
177,"Pre",NA,NA,NA,"U",NA,NA,72,40,"Kinesiology","Non-STEM"
178,"Pre","No","Woman","No","L","White","Sophomore",80,54,"Kinesiology","Non-STEM"
179,"Pre","No","Woman","No","L","Hispanic/Latino","Junior",70,55,"Health Sciences","Non-STEM"
180,"Pre","Yes","Woman","No","L","Asian","Junior",80,51,"Biological Sciences","STEM"
181,"Pre","No","Woman","No","L","White","Junior",89,51,"Biological Sciences","STEM"
182,"Pre","Yes","Woman","No","L","Hispanic/Latino","Sophomore",76,48,"Kinesiology","Non-STEM"
183,"Pre","Yes","Woman","No","U","Two or More","Junior",55,40,"Nursing","Non-STEM"
184,"Pre","No","Woman","Yes","U","Hispanic/Latino","Sophomore",78,46,"Kinesiology","Non-STEM"
185,"Pre","Yes","Man","Yes","U","Asian","Senior",75,56,"Biological Sciences","STEM"
186,"Pre","Yes","Woman","No","L","Hispanic/Latino","Sophomore",66,54,"Nursing","Non-STEM"
187,"Pre","No","Man","No","U","Asian","Senior",76,39,"Health Sciences","Non-STEM"
188,"Pre","No","Woman","Yes","U","Two or More","Senior",68,49,"Health Sciences","Non-STEM"
189,"Pre","No","Woman","No","U","Hispanic/Latino","Senior",78,54,"Biological Sciences","STEM"
190,"Pre","No","Woman","Yes","U","White","Senior",75,43,"Biological Sciences","STEM"
191,"Pre","No","Woman","No","U","Hispanic/Latino","Senior",61,40,"Biological Sciences","STEM"
192,"Pre","No","Other","No","U","White","Senior",76,45,"Biological Sciences","STEM"
193,"Pre","Yes","Woman","Yes","U","Hispanic/Latino","Senior",93,56,"Biological Sciences","STEM"
194,"Pre","Yes","Woman","Yes","U","Hispanic/Latino","Senior",56,41,"Biological Sciences","STEM"
195,"Pre","No","Woman","Yes","L","Asian","Junior",82,52,"Health Sciences","Non-STEM"
196,"Pre","Yes","Woman","No","U","Asian","Senior",93,55,"Biological Sciences","STEM"
197,"Pre","No","Woman","Yes","U","White","Senior",94,52,"Biological Sciences","STEM"
198,"Pre","Yes","Woman","No","U","Hispanic/Latino","Senior",64,49,"Kinesiology","Non-STEM"
199,"Pre","No","Woman","No","U","White","Senior",73,48,"Biological Sciences","STEM"
200,"Pre","No","Woman","No","U","Hispanic/Latino","Senior",74,52,"Biological Sciences","STEM"
201,"Pre","No","Woman","No","U","Asian","Junior",82,54,"Biological Sciences","STEM"
202,"Pre","No","Woman","No","U","Asian","Senior",88,43,"Biological Sciences","STEM"
203,"Pre","No","Woman","Yes","U","Asian","Senior",57,32,"Biological Sciences","STEM"
204,"Pre","No","Woman","Yes","U","Asian","Senior",64,46,"Biological Sciences","STEM"
205,"Pre","No","Woman","No","U","Hispanic/Latino","Senior",64,41,"Biological Sciences","STEM"
206,"Pre","No","Woman","Yes","U","Hispanic/Latino","Senior",82,54,"Health Sciences","Non-STEM"
207,"Pre","Yes","Man","Yes","U","White","Senior",79,54,"Biological Sciences","STEM"
208,"Pre","No","Man","Yes","U","White","Senior",62,42,"Biological Sciences","STEM"
209,"Pre","No","Woman","Yes","U","African American","Senior",81,54,"Biological Sciences","STEM"
210,"Pre","No","Woman","Yes","U","Hispanic/Latino","Senior",80,51,"Biological Sciences","STEM"
211,"Pre","No","Woman","Yes","U","White","Senior",93,56,"Biological Sciences","STEM"
212,"Pre","No","Woman","Yes","U","White","Senior",85,53,"Biological Sciences","STEM"
213,"Pre","No","Woman","No","U","African American","Senior",71,49,"Biological Sciences","STEM"
214,"Pre","No","Woman","No","U","Asian","Junior",88,55,"Biological Sciences","STEM"
215,"Pre","No","Woman","Yes","U","Hispanic/Latino","Senior",91,51,"Biological Sciences","STEM"
216,"Pre","No","Woman","No","L","African American","Sophomore",75,44,"Undeclared","Non-STEM"
217,"Pre","No","Woman","Yes","U","Two or More","Junior",80,57,"Biological Sciences","STEM"
218,"Pre","No","Man","Yes","U","Hispanic/Latino","Junior",91,44,"Biological Sciences","STEM"
219,"Pre","Yes","Woman","Yes","U","Hispanic/Latino","Senior",81,46,"Biological Sciences","STEM"
220,"Pre","No","Woman","No","U","Two or More","Senior",73,53,"Biological Sciences","STEM"
221,"Pre","No","Woman","No","U","Asian","Senior",77,51,"Biological Sciences","STEM"
222,"Pre","No","Woman","No","U","Hispanic/Latino","Senior",92,55,"Biological Sciences","STEM"
223,"Pre","Yes","Woman","Yes","U",NA,"Senior",79,51,"Biological Sciences","STEM"
224,"Pre","No","Woman","Yes","U","White","Senior",80,49,"Biological Sciences","STEM"
225,"Pre","No","Woman","Yes","U","Asian","Senior",68,48,"Biological Sciences","STEM"
226,"Pre","No","Woman","No","U","Two or More","Junior",84,42,"Kinesiology","Non-STEM"
227,"Pre","No","Woman","Yes","L","Two or More","Junior",71,51,"Health Sciences","Non-STEM"
228,"Pre","No","Woman","Yes","U","Asian","Senior",64,38,"Biological Sciences","STEM"
229,"Pre","No","Woman","No","L","White","Sophomore",68,50,"Health Sciences","Non-STEM"
230,"Pre","Yes","Woman","Yes","U","Hispanic/Latino","Senior",67,32,"Biological Sciences","STEM"
231,"Pre","Yes","Woman","No","U","Hispanic/Latino","Junior",70,50,"Biological Sciences","STEM"
